date,year,month,city,rent_per_sqm,rent_month_est
2018-11-30,2018,11,上海,88.69,4434.0
2018-12-31,2018,12,上海,88.08,4404.0
2019-01-31,2019,1,上海,87.62,4381.0
2019-02-28,2019,2,上海,87.59,4380.0
2019-03-31,2019,3,上海,89.42,4471.0
2019-04-30,2019,4,上海,91.31,4566.0
2019-05-31,2019,5,上海,91.82,4591.0
2019-06-30,2019,6,上海,92.14,4607.0
2019-07-31,2019,7,上海,92.17,4608.0
2019-08-31,2019,8,上海,91.15,4558.0
2019-09-30,2019,9,上海,89.41,4470.0
2019-10-31,2019,10,上海,88.83,4442.0
2019-11-30,2019,11,上海,90.03,4502.0
2019-12-31,2019,12,上海,90.86,4543.0
2020-01-31,2020,1,上海,92.03,4602.0
2020-02-29,2020,2,上海,92.09,4604.0
2020-03-31,2020,3,上海,92.01,4600.0
2020-04-30,2020,4,上海,91.98,4599.0
2020-05-31,2020,5,上海,93.23,4662.0
2020-06-30,2020,6,上海,94.99,4750.0
2020-07-31,2020,7,上海,96.09,4804.0
2020-08-31,2020,8,上海,97.3,4865.0
2020-09-30,2020,9,上海,99.45,4972.0
2020-10-31,2020,10,上海,97.99,4900.0
2020-11-30,2020,11,上海,96.45,4822.0
2020-12-31,2020,12,上海,93.91,4696.0
2021-01-31,2021,1,上海,93.94,4697.0
2021-02-28,2021,2,上海,94.43,4722.0
2021-03-31,2021,3,上海,93.85,4692.0
2021-04-30,2021,4,上海,94.25,4712.0
2021-05-31,2021,5,上海,96.57,4828.0
2021-06-30,2021,6,上海,99.32,4966.0
2021-07-31,2021,7,上海,101.61,5080.0
2021-08-31,2021,8,上海,103.36,5168.0
2021-09-30,2021,9,上海,103.93,5196.0
2021-10-31,2021,10,上海,103.81,5190.0
2021-11-30,2021,11,上海,103.1,5155.0
2021-12-31,2021,12,上海,101.53,5076.0
2022-01-31,2022,1,上海,100.54,5027.0
2022-02-28,2022,2,上海,99.47,4974.0
2022-03-31,2022,3,上海,97.48,4874.0
2022-04-30,2022,4,上海,97.07,4854.0
2022-05-31,2022,5,上海,97.69,4884.0
2022-06-30,2022,6,上海,99.81,4990.0
2022-07-31,2022,7,上海,101.62,5081.0
2022-08-31,2022,8,上海,101.4,5070.0
2022-09-30,2022,9,上海,102.62,5131.0
2022-10-31,2022,10,上海,102.29,5114.0
2022-11-30,2022,11,上海,101.95,5098.0
2022-12-31,2022,12,上海,101.49,5074.0
2023-01-31,2023,1,上海,101.42,5071.0
2023-02-28,2023,2,上海,101.4,5070.0
2023-03-31,2023,3,上海,102.4,5120.0
2023-04-30,2023,4,上海,101.56,5078.0
2023-05-31,2023,5,上海,102.3,5115.0
2023-06-30,2023,6,上海,100.45,5022.0
2023-07-31,2023,7,上海,99.79,4990.0
2023-08-31,2023,8,上海,101.97,5098.0
2023-09-30,2023,9,上海,101.4,5070.0
2023-10-31,2023,10,上海,100.71,5036.0
2023-11-30,2023,11,上海,99.3,4965.0
2023-12-31,2023,12,上海,97.83,4892.0
2024-01-31,2024,1,上海,97.48,4874.0
2024-02-29,2024,2,上海,97.43,4872.0
2024-03-31,2024,3,上海,97.5,4875.0
2024-04-30,2024,4,上海,97.47,4874.0
2024-05-31,2024,5,上海,96.76,4838.0
2024-06-30,2024,6,上海,96.79,4840.0
2024-07-31,2024,7,上海,96.59,4830.0
2024-08-31,2024,8,上海,97.11,4856.0
2024-09-30,2024,9,上海,97.65,4882.0
2024-10-31,2024,10,上海,98.26,4913.0
2024-11-30,2024,11,上海,98.44,4922.0
2024-12-31,2024,12,上海,98.38,4919.0
2025-01-31,2025,1,上海,98.23,4912.0
2025-02-28,2025,2,上海,97.7,4885.0
2025-03-31,2025,3,上海,97.56,4878.0
2025-04-30,2025,4,上海,97.09,4854.0
2025-05-31,2025,5,上海,96.73,4836.0
2025-06-30,2025,6,上海,96.5,4825.0
2025-07-31,2025,7,上海,96.44,4822.0
2025-08-31,2025,8,上海,95.69,4784.0
2025-09-30,2025,9,上海,95.33,4766.0
2018-11-30,2018,11,北京,87.95,4398.0
2018-12-31,2018,12,北京,84.71,4236.0
2019-01-31,2019,1,北京,83.92,4196.0
2019-02-28,2019,2,北京,84.59,4230.0
2019-03-31,2019,3,北京,85.43,4272.0
2019-04-30,2019,4,北京,86.64,4332.0
2019-05-31,2019,5,北京,87.91,4396.0
2019-06-30,2019,6,北京,89.99,4500.0
2019-07-31,2019,7,北京,91.04,4552.0
2019-08-31,2019,8,北京,90.63,4532.0
2019-09-30,2019,9,北京,90.17,4508.0
2019-10-31,2019,10,北京,90.48,4524.0
2019-11-30,2019,11,北京,92.28,4614.0
2019-12-31,2019,12,北京,91.35,4568.0
2020-01-31,2020,1,北京,91.7,4585.0
2020-02-29,2020,2,北京,91.78,4589.0
2020-03-31,2020,3,北京,92.88,4644.0
2020-04-30,2020,4,北京,92.85,4642.0
2020-05-31,2020,5,北京,92.56,4628.0
2020-06-30,2020,6,北京,92.43,4622.0
2020-07-31,2020,7,北京,92.28,4614.0
2020-08-31,2020,8,北京,91.43,4572.0
2020-09-30,2020,9,北京,89.94,4497.0
2020-10-31,2020,10,北京,87.4,4370.0
2020-11-30,2020,11,北京,85.67,4284.0
2020-12-31,2020,12,北京,83.99,4200.0
2021-01-31,2021,1,北京,83.0,4150.0
2021-02-28,2021,2,北京,83.7,4185.0
2021-03-31,2021,3,北京,84.77,4238.0
2021-04-30,2021,4,北京,86.68,4334.0
2021-05-31,2021,5,北京,89.18,4459.0
2021-06-30,2021,6,北京,91.78,4589.0
2021-07-31,2021,7,北京,91.77,4588.0
2021-08-31,2021,8,北京,90.68,4534.0
2021-09-30,2021,9,北京,90.01,4500.0
2021-10-31,2021,10,北京,89.98,4499.0
2021-11-30,2021,11,北京,89.97,4498.0
2021-12-31,2021,12,北京,89.97,4498.0
2022-01-31,2022,1,北京,91.89,4594.0
2022-02-28,2022,2,北京,93.68,4684.0
2022-03-31,2022,3,北京,93.71,4686.0
2022-04-30,2022,4,北京,95.05,4752.0
2022-05-31,2022,5,北京,95.7,4785.0
2022-06-30,2022,6,北京,97.46,4873.0
2022-07-31,2022,7,北京,98.8,4940.0
2022-08-31,2022,8,北京,98.85,4942.0
2022-09-30,2022,9,北京,97.55,4878.0
2022-10-31,2022,10,北京,96.5,4825.0
2022-11-30,2022,11,北京,96.02,4801.0
2022-12-31,2022,12,北京,96.0,4800.0
2023-01-31,2023,1,北京,96.03,4802.0
2023-02-28,2023,2,北京,96.17,4808.0
2023-03-31,2023,3,北京,97.05,4852.0
2023-04-30,2023,4,北京,97.75,4888.0
2023-05-31,2023,5,北京,96.9,4845.0
2023-06-30,2023,6,北京,98.21,4910.0
2023-07-31,2023,7,北京,98.82,4941.0
2023-08-31,2023,8,北京,98.26,4913.0
2023-09-30,2023,9,北京,97.22,4861.0
2023-10-31,2023,10,北京,96.64,4832.0
2023-11-30,2023,11,北京,95.88,4794.0
2023-12-31,2023,12,北京,94.49,4724.0
2024-01-31,2024,1,北京,95.03,4752.0
2024-02-29,2024,2,北京,95.14,4757.0
2024-03-31,2024,3,北京,93.28,4664.0
2024-04-30,2024,4,北京,91.45,4572.0
2024-05-31,2024,5,北京,91.44,4572.0
2024-06-30,2024,6,北京,93.22,4661.0
2024-07-31,2024,7,北京,93.1,4655.0
2024-08-31,2024,8,北京,94.01,4700.0
2024-09-30,2024,9,北京,92.18,4609.0
2024-10-31,2024,10,北京,92.31,4616.0
2024-11-30,2024,11,北京,92.13,4606.0
2024-12-31,2024,12,北京,91.54,4577.0
2025-01-31,2025,1,北京,90.86,4543.0
2025-02-28,2025,2,北京,92.62,4631.0
2025-03-31,2025,3,北京,91.31,4566.0
2025-04-30,2025,4,北京,91.98,4599.0
2025-05-31,2025,5,北京,92.85,4642.0
2025-06-30,2025,6,北京,94.13,4706.0
2025-07-31,2025,7,北京,91.25,4562.0
2025-08-31,2025,8,北京,91.89,4594.0
2025-09-30,2025,9,北京,90.29,4514.0
2018-11-30,2018,11,南京,44.28,2214.0
2018-12-31,2018,12,南京,44.1,2205.0
2019-01-31,2019,1,南京,44.25,2212.0
2019-02-28,2019,2,南京,44.47,2224.0
2019-03-31,2019,3,南京,44.39,2220.0
2019-04-30,2019,4,南京,44.84,2242.0
2019-05-31,2019,5,南京,45.26,2263.0
2019-06-30,2019,6,南京,45.06,2253.0
2019-07-31,2019,7,南京,44.65,2232.0
2019-08-31,2019,8,南京,44.73,2236.0
2019-09-30,2019,9,南京,44.82,2241.0
2019-10-31,2019,10,南京,44.9,2245.0
2019-11-30,2019,11,南京,45.69,2284.0
2019-12-31,2019,12,南京,46.31,2316.0
2020-01-31,2020,1,南京,46.46,2323.0
2020-02-29,2020,2,南京,46.85,2342.0
2020-03-31,2020,3,南京,46.79,2340.0
2020-04-30,2020,4,南京,46.64,2332.0
2020-05-31,2020,5,南京,46.14,2307.0
2020-06-30,2020,6,南京,46.41,2320.0
2020-07-31,2020,7,南京,46.3,2315.0
2020-08-31,2020,8,南京,46.6,2330.0
2020-09-30,2020,9,南京,46.87,2344.0
2020-10-31,2020,10,南京,46.08,2304.0
2020-11-30,2020,11,南京,45.78,2289.0
2020-12-31,2020,12,南京,45.46,2273.0
2021-01-31,2021,1,南京,44.79,2240.0
2021-02-28,2021,2,南京,44.84,2242.0
2021-03-31,2021,3,南京,45.75,2288.0
2021-04-30,2021,4,南京,45.31,2266.0
2021-05-31,2021,5,南京,45.09,2254.0
2021-06-30,2021,6,南京,46.16,2308.0
2021-07-31,2021,7,南京,46.07,2304.0
2021-08-31,2021,8,南京,45.68,2284.0
2021-09-30,2021,9,南京,45.74,2287.0
2021-10-31,2021,10,南京,45.78,2289.0
2021-11-30,2021,11,南京,45.75,2288.0
2021-12-31,2021,12,南京,45.97,2298.0
2022-01-31,2022,1,南京,47.11,2356.0
2022-02-28,2022,2,南京,47.1,2355.0
2022-03-31,2022,3,南京,46.8,2340.0
2022-04-30,2022,4,南京,46.73,2336.0
2022-05-31,2022,5,南京,45.9,2295.0
2022-06-30,2022,6,南京,46.34,2317.0
2022-07-31,2022,7,南京,47.16,2358.0
2022-08-31,2022,8,南京,46.54,2327.0
2022-09-30,2022,9,南京,46.17,2308.0
2022-10-31,2022,10,南京,45.83,2292.0
2022-11-30,2022,11,南京,45.81,2290.0
2022-12-31,2022,12,南京,46.21,2310.0
2023-01-31,2023,1,南京,46.35,2318.0
2023-02-28,2023,2,南京,46.04,2302.0
2023-03-31,2023,3,南京,45.79,2290.0
2023-04-30,2023,4,南京,45.89,2294.0
2023-05-31,2023,5,南京,46.45,2322.0
2023-06-30,2023,6,南京,46.69,2334.0
2023-07-31,2023,7,南京,47.58,2379.0
2023-08-31,2023,8,南京,46.75,2338.0
2023-09-30,2023,9,南京,46.27,2314.0
2023-10-31,2023,10,南京,45.81,2290.0
2023-11-30,2023,11,南京,45.41,2270.0
2023-12-31,2023,12,南京,45.21,2260.0
2024-01-31,2024,1,南京,45.01,2250.0
2024-02-29,2024,2,南京,44.88,2244.0
2024-03-31,2024,3,南京,44.62,2231.0
2024-04-30,2024,4,南京,43.92,2196.0
2024-05-31,2024,5,南京,43.13,2156.0
2024-06-30,2024,6,南京,43.39,2170.0
2024-07-31,2024,7,南京,43.43,2172.0
2024-08-31,2024,8,南京,43.45,2172.0
2024-09-30,2024,9,南京,43.95,2198.0
2024-10-31,2024,10,南京,44.69,2234.0
2024-11-30,2024,11,南京,44.63,2232.0
2024-12-31,2024,12,南京,44.57,2228.0
2025-01-31,2025,1,南京,44.04,2202.0
2025-02-28,2025,2,南京,43.59,2180.0
2025-03-31,2025,3,南京,43.02,2151.0
2025-04-30,2025,4,南京,42.63,2132.0
2025-05-31,2025,5,南京,42.26,2113.0
2025-06-30,2025,6,南京,42.03,2102.0
2025-07-31,2025,7,南京,41.83,2092.0
2025-08-31,2025,8,南京,41.5,2075.0
2025-09-30,2025,9,南京,41.51,2076.0
2018-11-30,2018,11,天津,36.77,1839.0
2018-12-31,2018,12,天津,36.12,1806.0
2019-01-31,2019,1,天津,35.6,1780.0
2019-02-28,2019,2,天津,35.61,1780.0
2019-03-31,2019,3,天津,36.22,1811.0
2019-04-30,2019,4,天津,36.89,1844.0
2019-05-31,2019,5,天津,37.14,1857.0
2019-06-30,2019,6,天津,37.4,1870.0
2019-07-31,2019,7,天津,37.32,1866.0
2019-08-31,2019,8,天津,37.11,1856.0
2019-09-30,2019,9,天津,37.21,1860.0
2019-10-31,2019,10,天津,37.08,1854.0
2019-11-30,2019,11,天津,36.15,1808.0
2019-12-31,2019,12,天津,36.37,1818.0
2020-01-31,2020,1,天津,35.74,1787.0
2020-02-29,2020,2,天津,36.01,1800.0
2020-03-31,2020,3,天津,36.44,1822.0
2020-04-30,2020,4,天津,37.09,1855.0
2020-05-31,2020,5,天津,36.95,1848.0
2020-06-30,2020,6,天津,36.54,1827.0
2020-07-31,2020,7,天津,36.15,1808.0
2020-08-31,2020,8,天津,36.31,1816.0
2020-09-30,2020,9,天津,36.29,1814.0
2020-10-31,2020,10,天津,35.48,1774.0
2020-11-30,2020,11,天津,34.85,1742.0
2020-12-31,2020,12,天津,34.88,1744.0
2021-01-31,2021,1,天津,34.15,1708.0
2021-02-28,2021,2,天津,33.74,1687.0
2021-03-31,2021,3,天津,33.62,1681.0
2021-04-30,2021,4,天津,34.23,1711.0
2021-05-31,2021,5,天津,34.67,1734.0
2021-06-30,2021,6,天津,35.53,1776.0
2021-07-31,2021,7,天津,35.52,1776.0
2021-08-31,2021,8,天津,35.18,1759.0
2021-09-30,2021,9,天津,34.97,1748.0
2021-10-31,2021,10,天津,34.96,1748.0
2021-11-30,2021,11,天津,34.91,1745.0
2021-12-31,2021,12,天津,34.72,1736.0
2022-01-31,2022,1,天津,34.66,1733.0
2022-02-28,2022,2,天津,34.6,1730.0
2022-03-31,2022,3,天津,33.84,1692.0
2022-04-30,2022,4,天津,33.95,1698.0
2022-05-31,2022,5,天津,33.63,1682.0
2022-06-30,2022,6,天津,33.91,1695.0
2022-07-31,2022,7,天津,34.22,1711.0
2022-08-31,2022,8,天津,33.45,1673.0
2022-09-30,2022,9,天津,33.02,1651.0
2022-10-31,2022,10,天津,32.96,1648.0
2022-11-30,2022,11,天津,32.5,1625.0
2022-12-31,2022,12,天津,32.98,1649.0
2023-01-31,2023,1,天津,32.99,1650.0
2023-02-28,2023,2,天津,32.87,1643.0
2023-03-31,2023,3,天津,32.39,1620.0
2023-04-30,2023,4,天津,32.57,1628.0
2023-05-31,2023,5,天津,32.99,1650.0
2023-06-30,2023,6,天津,33.26,1663.0
2023-07-31,2023,7,天津,33.31,1666.0
2023-08-31,2023,8,天津,33.97,1698.0
2023-09-30,2023,9,天津,33.66,1683.0
2023-10-31,2023,10,天津,32.98,1649.0
2023-11-30,2023,11,天津,32.78,1639.0
2023-12-31,2023,12,天津,32.45,1623.0
2024-01-31,2024,1,天津,32.18,1609.0
2024-02-29,2024,2,天津,32.11,1606.0
2024-03-31,2024,3,天津,32.75,1638.0
2024-04-30,2024,4,天津,31.94,1597.0
2024-05-31,2024,5,天津,31.23,1562.0
2024-06-30,2024,6,天津,31.42,1571.0
2024-07-31,2024,7,天津,32.02,1601.0
2024-08-31,2024,8,天津,32.47,1624.0
2024-09-30,2024,9,天津,33.02,1651.0
2024-10-31,2024,10,天津,33.09,1655.0
2024-11-30,2024,11,天津,33.4,1670.0
2024-12-31,2024,12,天津,33.35,1668.0
2025-01-31,2025,1,天津,33.38,1669.0
2025-02-28,2025,2,天津,33.37,1668.0
2025-03-31,2025,3,天津,33.34,1667.0
2025-04-30,2025,4,天津,33.51,1676.0
2025-05-31,2025,5,天津,33.43,1672.0
2025-06-30,2025,6,天津,33.18,1659.0
2025-07-31,2025,7,天津,35.88,1794.0
2025-08-31,2025,8,天津,32.58,1629.0
2025-09-30,2025,9,天津,32.87,1643.0
2018-11-30,2018,11,广州,60.64,3032.0
2018-12-31,2018,12,广州,60.37,3018.0
2019-01-31,2019,1,广州,59.67,2984.0
2019-02-28,2019,2,广州,59.12,2956.0
2019-03-31,2019,3,广州,59.13,2956.0
2019-04-30,2019,4,广州,57.72,2886.0
2019-05-31,2019,5,广州,57.41,2870.0
2019-06-30,2019,6,广州,57.17,2858.0
2019-07-31,2019,7,广州,57.2,2860.0
2019-08-31,2019,8,广州,57.22,2861.0
2019-09-30,2019,9,广州,57.52,2876.0
2019-10-31,2019,10,广州,57.61,2880.0
2019-11-30,2019,11,广州,59.08,2954.0
2019-12-31,2019,12,广州,60.22,3011.0
2020-01-31,2020,1,广州,60.1,3005.0
2020-02-29,2020,2,广州,60.1,3005.0
2020-03-31,2020,3,广州,60.14,3007.0
2020-04-30,2020,4,广州,60.48,3024.0
2020-05-31,2020,5,广州,60.89,3044.0
2020-06-30,2020,6,广州,61.12,3056.0
2020-07-31,2020,7,广州,60.15,3008.0
2020-08-31,2020,8,广州,59.66,2983.0
2020-09-30,2020,9,广州,59.11,2956.0
2020-10-31,2020,10,广州,58.67,2934.0
2020-11-30,2020,11,广州,58.46,2923.0
2020-12-31,2020,12,广州,58.67,2934.0
2021-01-31,2021,1,广州,58.62,2931.0
2021-02-28,2021,2,广州,58.1,2905.0
2021-03-31,2021,3,广州,58.4,2920.0
2021-04-30,2021,4,广州,58.66,2933.0
2021-05-31,2021,5,广州,59.17,2958.0
2021-06-30,2021,6,广州,60.58,3029.0
2021-07-31,2021,7,广州,62.08,3104.0
2021-08-31,2021,8,广州,61.62,3081.0
2021-09-30,2021,9,广州,60.42,3021.0
2021-10-31,2021,10,广州,60.31,3016.0
2021-11-30,2021,11,广州,60.3,3015.0
2021-12-31,2021,12,广州,60.54,3027.0
2022-01-31,2022,1,广州,62.05,3102.0
2022-02-28,2022,2,广州,62.35,3118.0
2022-03-31,2022,3,广州,61.31,3066.0
2022-04-30,2022,4,广州,61.59,3080.0
2022-05-31,2022,5,广州,61.95,3098.0
2022-06-30,2022,6,广州,62.39,3120.0
2022-07-31,2022,7,广州,62.44,3122.0
2022-08-31,2022,8,广州,62.34,3117.0
2022-09-30,2022,9,广州,62.29,3114.0
2022-10-31,2022,10,广州,62.36,3118.0
2022-11-30,2022,11,广州,62.25,3112.0
2022-12-31,2022,12,广州,62.17,3108.0
2023-01-31,2023,1,广州,62.23,3112.0
2023-02-28,2023,2,广州,61.99,3100.0
2023-03-31,2023,3,广州,61.76,3088.0
2023-04-30,2023,4,广州,62.24,3112.0
2023-05-31,2023,5,广州,62.63,3132.0
2023-06-30,2023,6,广州,61.93,3096.0
2023-07-31,2023,7,广州,60.95,3048.0
2023-08-31,2023,8,广州,60.51,3026.0
2023-09-30,2023,9,广州,59.97,2998.0
2023-10-31,2023,10,广州,59.45,2972.0
2023-11-30,2023,11,广州,59.09,2954.0
2023-12-31,2023,12,广州,58.56,2928.0
2024-01-31,2024,1,广州,58.24,2912.0
2024-02-29,2024,2,广州,58.15,2908.0
2024-03-31,2024,3,广州,57.93,2896.0
2024-04-30,2024,4,广州,57.78,2889.0
2024-05-31,2024,5,广州,57.74,2887.0
2024-06-30,2024,6,广州,57.96,2898.0
2024-07-31,2024,7,广州,58.26,2913.0
2024-08-31,2024,8,广州,58.84,2942.0
2024-09-30,2024,9,广州,58.93,2946.0
2024-10-31,2024,10,广州,58.53,2926.0
2024-11-30,2024,11,广州,59.14,2957.0
2024-12-31,2024,12,广州,59.23,2962.0
2025-01-31,2025,1,广州,59.2,2960.0
2025-02-28,2025,2,广州,59.17,2958.0
2025-03-31,2025,3,广州,59.14,2957.0
2025-04-30,2025,4,广州,58.95,2948.0
2025-05-31,2025,5,广州,58.24,2912.0
2025-06-30,2025,6,广州,57.79,2890.0
2025-07-31,2025,7,广州,66.18,3309.0
2025-08-31,2025,8,广州,56.6,2830.0
2025-09-30,2025,9,广州,56.63,2832.0
2018-11-30,2018,11,成都,29.95,1498.0
2018-12-31,2018,12,成都,29.7,1485.0
2019-01-31,2019,1,成都,29.69,1484.0
2019-02-28,2019,2,成都,29.68,1484.0
2019-03-31,2019,3,成都,29.55,1478.0
2019-04-30,2019,4,成都,29.94,1497.0
2019-05-31,2019,5,成都,30.39,1520.0
2019-06-30,2019,6,成都,30.49,1524.0
2019-07-31,2019,7,成都,30.22,1511.0
2019-08-31,2019,8,成都,29.69,1484.0
2019-09-30,2019,9,成都,29.65,1482.0
2019-10-31,2019,10,成都,29.73,1486.0
2019-11-30,2019,11,成都,30.0,1500.0
2019-12-31,2019,12,成都,30.41,1520.0
2020-01-31,2020,1,成都,30.32,1516.0
2020-02-29,2020,2,成都,30.58,1529.0
2020-03-31,2020,3,成都,30.94,1547.0
2020-04-30,2020,4,成都,30.83,1542.0
2020-05-31,2020,5,成都,30.42,1521.0
2020-06-30,2020,6,成都,30.28,1514.0
2020-07-31,2020,7,成都,29.99,1500.0
2020-08-31,2020,8,成都,30.03,1502.0
2020-09-30,2020,9,成都,30.51,1526.0
2020-10-31,2020,10,成都,29.67,1484.0
2020-11-30,2020,11,成都,30.25,1512.0
2020-12-31,2020,12,成都,30.86,1543.0
2021-01-31,2021,1,成都,31.54,1577.0
2021-02-28,2021,2,成都,32.03,1602.0
2021-03-31,2021,3,成都,32.26,1613.0
2021-04-30,2021,4,成都,32.49,1624.0
2021-05-31,2021,5,成都,32.89,1644.0
2021-06-30,2021,6,成都,33.76,1688.0
2021-07-31,2021,7,成都,34.12,1706.0
2021-08-31,2021,8,成都,33.1,1655.0
2021-09-30,2021,9,成都,33.02,1651.0
2021-10-31,2021,10,成都,33.01,1650.0
2021-11-30,2021,11,成都,33.01,1650.0
2021-12-31,2021,12,成都,33.0,1650.0
2022-01-31,2022,1,成都,33.0,1650.0
2022-02-28,2022,2,成都,33.29,1664.0
2022-03-31,2022,3,成都,33.28,1664.0
2022-04-30,2022,4,成都,33.46,1673.0
2022-05-31,2022,5,成都,33.76,1688.0
2022-06-30,2022,6,成都,34.01,1700.0
2022-07-31,2022,7,成都,34.01,1700.0
2022-08-31,2022,8,成都,33.96,1698.0
2022-09-30,2022,9,成都,34.63,1732.0
2022-10-31,2022,10,成都,33.93,1696.0
2022-11-30,2022,11,成都,34.6,1730.0
2022-12-31,2022,12,成都,34.38,1719.0
2023-01-31,2023,1,成都,34.42,1721.0
2023-02-28,2023,2,成都,34.84,1742.0
2023-03-31,2023,3,成都,35.5,1775.0
2023-04-30,2023,4,成都,35.73,1786.0
2023-05-31,2023,5,成都,35.7,1785.0
2023-06-30,2023,6,成都,35.17,1758.0
2023-07-31,2023,7,成都,35.16,1758.0
2023-08-31,2023,8,成都,35.76,1788.0
2023-09-30,2023,9,成都,36.45,1823.0
2023-10-31,2023,10,成都,36.72,1836.0
2023-11-30,2023,11,成都,35.85,1792.0
2023-12-31,2023,12,成都,36.72,1836.0
2024-01-31,2024,1,成都,37.58,1879.0
2024-02-29,2024,2,成都,37.3,1865.0
2024-03-31,2024,3,成都,36.53,1826.0
2024-04-30,2024,4,成都,37.37,1868.0
2024-05-31,2024,5,成都,37.35,1868.0
2024-06-30,2024,6,成都,38.06,1903.0
2024-07-31,2024,7,成都,37.48,1874.0
2024-08-31,2024,8,成都,37.29,1864.0
2024-09-30,2024,9,成都,36.62,1831.0
2024-10-31,2024,10,成都,36.05,1802.0
2024-11-30,2024,11,成都,36.01,1800.0
2024-12-31,2024,12,成都,36.27,1814.0
2025-01-31,2025,1,成都,36.25,1812.0
2025-02-28,2025,2,成都,36.24,1812.0
2025-03-31,2025,3,成都,35.85,1792.0
2025-04-30,2025,4,成都,35.36,1768.0
2025-05-31,2025,5,成都,34.66,1733.0
2025-06-30,2025,6,成都,33.93,1696.0
2025-07-31,2025,7,成都,32.88,1644.0
2025-08-31,2025,8,成都,33.26,1663.0
2025-09-30,2025,9,成都,32.83,1642.0
2018-11-30,2018,11,杭州,57.27,2864.0
2018-12-31,2018,12,杭州,57.73,2886.0
2019-01-31,2019,1,杭州,58.14,2907.0
2019-02-28,2019,2,杭州,57.46,2873.0
2019-03-31,2019,3,杭州,57.91,2896.0
2019-04-30,2019,4,杭州,59.48,2974.0
2019-05-31,2019,5,杭州,60.35,3018.0
2019-06-30,2019,6,杭州,60.1,3005.0
2019-07-31,2019,7,杭州,59.71,2986.0
2019-08-31,2019,8,杭州,59.57,2978.0
2019-09-30,2019,9,杭州,59.42,2971.0
2019-10-31,2019,10,杭州,59.31,2966.0
2019-11-30,2019,11,杭州,57.68,2884.0
2019-12-31,2019,12,杭州,57.7,2885.0
2020-01-31,2020,1,杭州,58.53,2926.0
2020-02-29,2020,2,杭州,58.49,2924.0
2020-03-31,2020,3,杭州,57.21,2860.0
2020-04-30,2020,4,杭州,57.41,2870.0
2020-05-31,2020,5,杭州,56.39,2820.0
2020-06-30,2020,6,杭州,56.62,2831.0
2020-07-31,2020,7,杭州,55.97,2798.0
2020-08-31,2020,8,杭州,55.95,2798.0
2020-09-30,2020,9,杭州,56.25,2812.0
2020-10-31,2020,10,杭州,55.96,2798.0
2020-11-30,2020,11,杭州,56.08,2804.0
2020-12-31,2020,12,杭州,55.21,2760.0
2021-01-31,2021,1,杭州,53.99,2700.0
2021-02-28,2021,2,杭州,52.81,2640.0
2021-03-31,2021,3,杭州,53.28,2664.0
2021-04-30,2021,4,杭州,53.42,2671.0
2021-05-31,2021,5,杭州,54.81,2740.0
2021-06-30,2021,6,杭州,56.17,2808.0
2021-07-31,2021,7,杭州,57.55,2878.0
2021-08-31,2021,8,杭州,58.87,2944.0
2021-09-30,2021,9,杭州,59.58,2979.0
2021-10-31,2021,10,杭州,59.99,3000.0
2021-11-30,2021,11,杭州,60.31,3016.0
2021-12-31,2021,12,杭州,59.93,2996.0
2022-01-31,2022,1,杭州,58.81,2940.0
2022-02-28,2022,2,杭州,59.32,2966.0
2022-03-31,2022,3,杭州,59.23,2962.0
2022-04-30,2022,4,杭州,59.13,2956.0
2022-05-31,2022,5,杭州,58.0,2900.0
2022-06-30,2022,6,杭州,57.7,2885.0
2022-07-31,2022,7,杭州,58.28,2914.0
2022-08-31,2022,8,杭州,57.0,2850.0
2022-09-30,2022,9,杭州,56.51,2826.0
2022-10-31,2022,10,杭州,56.11,2806.0
2022-11-30,2022,11,杭州,55.87,2794.0
2022-12-31,2022,12,杭州,55.67,2784.0
2023-01-31,2023,1,杭州,55.61,2780.0
2023-02-28,2023,2,杭州,56.08,2804.0
2023-03-31,2023,3,杭州,56.24,2812.0
2023-04-30,2023,4,杭州,56.61,2830.0
2023-05-31,2023,5,杭州,57.26,2863.0
2023-06-30,2023,6,杭州,57.95,2898.0
2023-07-31,2023,7,杭州,57.09,2854.0
2023-08-31,2023,8,杭州,57.42,2871.0
2023-09-30,2023,9,杭州,57.57,2878.0
2023-10-31,2023,10,杭州,58.06,2903.0
2023-11-30,2023,11,杭州,58.04,2902.0
2023-12-31,2023,12,杭州,58.15,2908.0
2024-01-31,2024,1,杭州,57.87,2894.0
2024-02-29,2024,2,杭州,57.84,2892.0
2024-03-31,2024,3,杭州,57.92,2896.0
2024-04-30,2024,4,杭州,56.72,2836.0
2024-05-31,2024,5,杭州,55.68,2784.0
2024-06-30,2024,6,杭州,54.64,2732.0
2024-07-31,2024,7,杭州,54.68,2734.0
2024-08-31,2024,8,杭州,54.72,2736.0
2024-09-30,2024,9,杭州,54.7,2735.0
2024-10-31,2024,10,杭州,55.26,2763.0
2024-11-30,2024,11,杭州,55.29,2764.0
2024-12-31,2024,12,杭州,55.31,2766.0
2025-01-31,2025,1,杭州,55.31,2766.0
2025-02-28,2025,2,杭州,55.27,2764.0
2025-03-31,2025,3,杭州,55.3,2765.0
2025-04-30,2025,4,杭州,55.27,2764.0
2025-05-31,2025,5,杭州,55.26,2763.0
2025-06-30,2025,6,杭州,55.24,2762.0
2025-07-31,2025,7,杭州,55.24,2762.0
2025-08-31,2025,8,杭州,55.21,2760.0
2025-09-30,2025,9,杭州,55.25,2762.0
2018-11-30,2018,11,武汉,31.61,1580.0
2018-12-31,2018,12,武汉,31.52,1576.0
2019-01-31,2019,1,武汉,31.65,1582.0
2019-02-28,2019,2,武汉,32.22,1611.0
2019-03-31,2019,3,武汉,32.02,1601.0
2019-04-30,2019,4,武汉,32.04,1602.0
2019-05-31,2019,5,武汉,32.26,1613.0
2019-06-30,2019,6,武汉,31.97,1598.0
2019-07-31,2019,7,武汉,31.47,1574.0
2019-08-31,2019,8,武汉,31.32,1566.0
2019-09-30,2019,9,武汉,31.12,1556.0
2019-10-31,2019,10,武汉,30.98,1549.0
2019-11-30,2019,11,武汉,31.18,1559.0
2019-12-31,2019,12,武汉,31.66,1583.0
2020-01-31,2020,1,武汉,31.75,1588.0
2020-02-29,2020,2,武汉,31.75,1588.0
2020-03-31,2020,3,武汉,31.31,1566.0
2020-04-30,2020,4,武汉,30.56,1528.0
2020-05-31,2020,5,武汉,30.91,1546.0
2020-06-30,2020,6,武汉,31.26,1563.0
2020-07-31,2020,7,武汉,31.06,1553.0
2020-08-31,2020,8,武汉,30.58,1529.0
2020-09-30,2020,9,武汉,30.94,1547.0
2020-10-31,2020,10,武汉,31.5,1575.0
2020-11-30,2020,11,武汉,31.4,1570.0
2020-12-31,2020,12,武汉,31.11,1556.0
2021-01-31,2021,1,武汉,30.42,1521.0
2021-02-28,2021,2,武汉,30.82,1541.0
2021-03-31,2021,3,武汉,30.91,1546.0
2021-04-30,2021,4,武汉,31.05,1552.0
2021-05-31,2021,5,武汉,31.22,1561.0
2021-06-30,2021,6,武汉,32.14,1607.0
2021-07-31,2021,7,武汉,32.86,1643.0
2021-08-31,2021,8,武汉,32.58,1629.0
2021-09-30,2021,9,武汉,32.32,1616.0
2021-10-31,2021,10,武汉,32.3,1615.0
2021-11-30,2021,11,武汉,32.29,1614.0
2021-12-31,2021,12,武汉,31.78,1589.0
2022-01-31,2022,1,武汉,31.27,1564.0
2022-02-28,2022,2,武汉,31.33,1566.0
2022-03-31,2022,3,武汉,31.34,1567.0
2022-04-30,2022,4,武汉,31.22,1561.0
2022-05-31,2022,5,武汉,30.72,1536.0
2022-06-30,2022,6,武汉,30.65,1532.0
2022-07-31,2022,7,武汉,30.84,1542.0
2022-08-31,2022,8,武汉,30.94,1547.0
2022-09-30,2022,9,武汉,30.98,1549.0
2022-10-31,2022,10,武汉,31.1,1555.0
2022-11-30,2022,11,武汉,31.06,1553.0
2022-12-31,2022,12,武汉,31.08,1554.0
2023-01-31,2023,1,武汉,31.18,1559.0
2023-02-28,2023,2,武汉,31.15,1558.0
2023-03-31,2023,3,武汉,31.01,1550.0
2023-04-30,2023,4,武汉,30.87,1544.0
2023-05-31,2023,5,武汉,30.52,1526.0
2023-06-30,2023,6,武汉,30.45,1522.0
2023-07-31,2023,7,武汉,30.13,1506.0
2023-08-31,2023,8,武汉,29.72,1486.0
2023-09-30,2023,9,武汉,29.47,1474.0
2023-10-31,2023,10,武汉,29.04,1452.0
2023-11-30,2023,11,武汉,28.95,1448.0
2023-12-31,2023,12,武汉,28.91,1446.0
2024-01-31,2024,1,武汉,28.91,1446.0
2024-02-29,2024,2,武汉,28.91,1446.0
2024-03-31,2024,3,武汉,28.84,1442.0
2024-04-30,2024,4,武汉,28.51,1426.0
2024-05-31,2024,5,武汉,28.36,1418.0
2024-06-30,2024,6,武汉,28.25,1412.0
2024-07-31,2024,7,武汉,28.11,1406.0
2024-08-31,2024,8,武汉,28.05,1402.0
2024-09-30,2024,9,武汉,27.91,1396.0
2024-10-31,2024,10,武汉,27.44,1372.0
2024-11-30,2024,11,武汉,27.3,1365.0
2024-12-31,2024,12,武汉,26.98,1349.0
2025-01-31,2025,1,武汉,26.73,1336.0
2025-02-28,2025,2,武汉,26.37,1318.0
2025-03-31,2025,3,武汉,25.99,1300.0
2025-04-30,2025,4,武汉,25.46,1273.0
2025-05-31,2025,5,武汉,24.94,1247.0
2025-06-30,2025,6,武汉,24.23,1212.0
2025-07-31,2025,7,武汉,21.65,1082.0
2025-08-31,2025,8,武汉,23.89,1194.0
2025-09-30,2025,9,武汉,23.84,1192.0
2018-11-30,2018,11,深圳,97.71,4886.0
2018-12-31,2018,12,深圳,97.83,4892.0
2019-01-31,2019,1,深圳,97.39,4870.0
2019-02-28,2019,2,深圳,97.27,4864.0
2019-03-31,2019,3,深圳,98.43,4922.0
2019-04-30,2019,4,深圳,98.77,4938.0
2019-05-31,2019,5,深圳,98.09,4904.0
2019-06-30,2019,6,深圳,97.74,4887.0
2019-07-31,2019,7,深圳,96.96,4848.0
2019-08-31,2019,8,深圳,96.91,4846.0
2019-09-30,2019,9,深圳,97.16,4858.0
2019-10-31,2019,10,深圳,96.81,4840.0
2019-11-30,2019,11,深圳,95.28,4764.0
2019-12-31,2019,12,深圳,94.56,4728.0
2020-01-31,2020,1,深圳,94.21,4710.0
2020-02-29,2020,2,深圳,95.28,4764.0
2020-03-31,2020,3,深圳,95.45,4772.0
2020-04-30,2020,4,深圳,94.58,4729.0
2020-05-31,2020,5,深圳,92.26,4613.0
2020-06-30,2020,6,深圳,90.26,4513.0
2020-07-31,2020,7,深圳,90.56,4528.0
2020-08-31,2020,8,深圳,89.66,4483.0
2020-09-30,2020,9,深圳,88.27,4414.0
2020-10-31,2020,10,深圳,87.4,4370.0
2020-11-30,2020,11,深圳,87.41,4370.0
2020-12-31,2020,12,深圳,87.07,4354.0
2021-01-31,2021,1,深圳,86.09,4304.0
2021-02-28,2021,2,深圳,85.6,4280.0
2021-03-31,2021,3,深圳,85.97,4298.0
2021-04-30,2021,4,深圳,87.16,4358.0
2021-05-31,2021,5,深圳,88.29,4414.0
2021-06-30,2021,6,深圳,90.55,4528.0
2021-07-31,2021,7,深圳,92.03,4602.0
2021-08-31,2021,8,深圳,91.93,4596.0
2021-09-30,2021,9,深圳,92.17,4608.0
2021-10-31,2021,10,深圳,92.1,4605.0
2021-11-30,2021,11,深圳,91.96,4598.0
2021-12-31,2021,12,深圳,91.51,4576.0
2022-01-31,2022,1,深圳,90.59,4530.0
2022-02-28,2022,2,深圳,91.16,4558.0
2022-03-31,2022,3,深圳,91.21,4560.0
2022-04-30,2022,4,深圳,91.61,4580.0
2022-05-31,2022,5,深圳,91.31,4566.0
2022-06-30,2022,6,深圳,92.0,4600.0
2022-07-31,2022,7,深圳,92.2,4610.0
2022-08-31,2022,8,深圳,91.55,4578.0
2022-09-30,2022,9,深圳,91.34,4567.0
2022-10-31,2022,10,深圳,91.58,4579.0
2022-11-30,2022,11,深圳,91.38,4569.0
2022-12-31,2022,12,深圳,91.22,4561.0
2023-01-31,2023,1,深圳,91.19,4560.0
2023-02-28,2023,2,深圳,91.15,4558.0
2023-03-31,2023,3,深圳,91.5,4575.0
2023-04-30,2023,4,深圳,91.72,4586.0
2023-05-31,2023,5,深圳,91.78,4589.0
2023-06-30,2023,6,深圳,92.01,4600.0
2023-07-31,2023,7,深圳,93.13,4656.0
2023-08-31,2023,8,深圳,92.94,4647.0
2023-09-30,2023,9,深圳,92.62,4631.0
2023-10-31,2023,10,深圳,92.51,4626.0
2023-11-30,2023,11,深圳,92.12,4606.0
2023-12-31,2023,12,深圳,91.4,4570.0
2024-01-31,2024,1,深圳,91.04,4552.0
2024-02-29,2024,2,深圳,90.97,4548.0
2024-03-31,2024,3,深圳,90.74,4537.0
2024-04-30,2024,4,深圳,90.83,4542.0
2024-06-30,2024,6,深圳,91.1,4555.0
2024-07-31,2024,7,深圳,91.32,4566.0
2024-08-31,2024,8,深圳,91.51,4576.0
2024-09-30,2024,9,深圳,91.82,4591.0
2024-10-31,2024,10,深圳,92.26,4613.0
2024-11-30,2024,11,深圳,92.38,4619.0
2024-12-31,2024,12,深圳,92.26,4613.0
2025-01-31,2025,1,深圳,91.89,4594.0
2025-02-28,2025,2,深圳,91.65,4582.0
2025-03-31,2025,3,深圳,91.21,4560.0
2025-04-30,2025,4,深圳,90.84,4542.0
2025-05-31,2025,5,深圳,90.51,4526.0
2025-06-30,2025,6,深圳,90.32,4516.0
2025-07-31,2025,7,深圳,90.2,4510.0
2025-08-31,2025,8,深圳,90.03,4502.0
2025-09-30,2025,9,深圳,90.02,4501.0
2018-11-30,2018,11,苏州,40.13,2007.0
2018-12-31,2018,12,苏州,39.68,1984.0
2019-01-31,2019,1,苏州,39.32,1966.0
2019-02-28,2019,2,苏州,38.93,1946.0
2019-03-31,2019,3,苏州,38.3,1915.0
2019-04-30,2019,4,苏州,38.19,1910.0
2019-05-31,2019,5,苏州,38.14,1907.0
2019-06-30,2019,6,苏州,37.85,1892.0
2019-07-31,2019,7,苏州,37.57,1878.0
2019-08-31,2019,8,苏州,36.83,1842.0
2019-09-30,2019,9,苏州,37.03,1852.0
2019-10-31,2019,10,苏州,37.59,1880.0
2019-11-30,2019,11,苏州,37.85,1892.0
2019-12-31,2019,12,苏州,38.7,1935.0
2020-01-31,2020,1,苏州,38.63,1932.0
2020-02-29,2020,2,苏州,38.75,1938.0
2020-03-31,2020,3,苏州,38.57,1928.0
2020-04-30,2020,4,苏州,38.55,1927.0
2020-05-31,2020,5,苏州,38.23,1911.0
2020-06-30,2020,6,苏州,38.05,1902.0
2020-07-31,2020,7,苏州,37.85,1892.0
2020-08-31,2020,8,苏州,38.88,1944.0
2020-09-30,2020,9,苏州,38.81,1940.0
2020-10-31,2020,10,苏州,38.69,1934.0
2020-11-30,2020,11,苏州,38.07,1904.0
2020-12-31,2020,12,苏州,37.85,1892.0
2021-01-31,2021,1,苏州,37.75,1888.0
2021-02-28,2021,2,苏州,38.0,1900.0
2021-03-31,2021,3,苏州,37.95,1898.0
2021-04-30,2021,4,苏州,37.86,1893.0
2021-05-31,2021,5,苏州,37.99,1900.0
2021-06-30,2021,6,苏州,38.81,1940.0
2021-07-31,2021,7,苏州,39.53,1976.0
2021-08-31,2021,8,苏州,39.36,1968.0
2021-09-30,2021,9,苏州,39.58,1979.0
2021-10-31,2021,10,苏州,39.51,1976.0
2021-11-30,2021,11,苏州,39.56,1978.0
2021-12-31,2021,12,苏州,39.67,1984.0
2022-01-31,2022,1,苏州,39.92,1996.0
2022-02-28,2022,2,苏州,39.83,1992.0
2022-03-31,2022,3,苏州,39.46,1973.0
2022-04-30,2022,4,苏州,39.27,1964.0
2022-05-31,2022,5,苏州,38.68,1934.0
2022-06-30,2022,6,苏州,38.83,1942.0
2022-07-31,2022,7,苏州,39.27,1964.0
2022-08-31,2022,8,苏州,39.45,1973.0
2022-09-30,2022,9,苏州,39.24,1962.0
2022-10-31,2022,10,苏州,39.17,1958.0
2022-11-30,2022,11,苏州,39.0,1950.0
2022-12-31,2022,12,苏州,38.63,1932.0
2023-01-31,2023,1,苏州,38.2,1910.0
2023-02-28,2023,2,苏州,37.7,1885.0
2023-03-31,2023,3,苏州,37.44,1872.0
2023-04-30,2023,4,苏州,37.39,1870.0
2023-05-31,2023,5,苏州,37.53,1876.0
2023-06-30,2023,6,苏州,38.1,1905.0
2023-07-31,2023,7,苏州,37.77,1889.0
2023-08-31,2023,8,苏州,38.53,1926.0
2023-09-30,2023,9,苏州,39.43,1972.0
2023-10-31,2023,10,苏州,39.36,1968.0
2023-11-30,2023,11,苏州,39.08,1954.0
2023-12-31,2023,12,苏州,38.71,1936.0
2024-01-31,2024,1,苏州,38.51,1926.0
2024-02-29,2024,2,苏州,38.42,1921.0
2024-03-31,2024,3,苏州,38.25,1912.0
2024-04-30,2024,4,苏州,37.92,1896.0
2024-05-31,2024,5,苏州,37.72,1886.0
2024-06-30,2024,6,苏州,37.72,1886.0
2024-07-31,2024,7,苏州,37.8,1890.0
2024-08-31,2024,8,苏州,38.01,1900.0
2024-09-30,2024,9,苏州,37.98,1899.0
2024-10-31,2024,10,苏州,38.02,1901.0
2024-11-30,2024,11,苏州,37.89,1894.0
2024-12-31,2024,12,苏州,37.57,1878.0
2025-01-31,2025,1,苏州,37.47,1874.0
2025-02-28,2025,2,苏州,37.5,1875.0
2025-03-31,2025,3,苏州,37.47,1874.0
2025-04-30,2025,4,苏州,37.3,1865.0
2025-05-31,2025,5,苏州,37.22,1861.0
2025-06-30,2025,6,苏州,37.22,1861.0
2025-07-31,2025,7,苏州,37.29,1864.0
2025-08-31,2025,8,苏州,37.39,1870.0
2025-09-30,2025,9,苏州,37.38,1869.0
2018-11-30,2018,11,西安,27.61,1380.0
2018-12-31,2018,12,西安,27.66,1383.0
2019-01-31,2019,1,西安,27.5,1375.0
2019-02-28,2019,2,西安,28.01,1400.0
2019-03-31,2019,3,西安,28.13,1406.0
2019-04-30,2019,4,西安,27.99,1400.0
2019-05-31,2019,5,西安,28.03,1402.0
2019-06-30,2019,6,西安,28.23,1412.0
2019-07-31,2019,7,西安,28.05,1402.0
2019-08-31,2019,8,西安,27.58,1379.0
2019-09-30,2019,9,西安,27.35,1368.0
2019-10-31,2019,10,西安,27.34,1367.0
2019-11-30,2019,11,西安,27.08,1354.0
2019-12-31,2019,12,西安,26.8,1340.0
2020-01-31,2020,1,西安,26.67,1334.0
2020-02-29,2020,2,西安,26.61,1330.0
2020-03-31,2020,3,西安,26.98,1349.0
2020-04-30,2020,4,西安,27.27,1364.0
2020-05-31,2020,5,西安,27.16,1358.0
2020-06-30,2020,6,西安,26.97,1348.0
2020-07-31,2020,7,西安,27.53,1376.0
2020-08-31,2020,8,西安,28.14,1407.0
2020-09-30,2020,9,西安,28.13,1406.0
2020-10-31,2020,10,西安,28.0,1400.0
2020-11-30,2020,11,西安,27.8,1390.0
2020-12-31,2020,12,西安,27.81,1390.0
2021-01-31,2021,1,西安,27.72,1386.0
2021-02-28,2021,2,西安,27.66,1383.0
2021-03-31,2021,3,西安,27.91,1396.0
2021-04-30,2021,4,西安,28.43,1422.0
2021-05-31,2021,5,西安,28.77,1438.0
2021-06-30,2021,6,西安,29.44,1472.0
2021-07-31,2021,7,西安,29.43,1472.0
2021-08-31,2021,8,西安,29.23,1462.0
2021-09-30,2021,9,西安,30.02,1501.0
2021-10-31,2021,10,西安,29.94,1497.0
2021-11-30,2021,11,西安,29.83,1492.0
2021-12-31,2021,12,西安,29.68,1484.0
2022-01-31,2022,1,西安,29.56,1478.0
2022-02-28,2022,2,西安,29.77,1488.0
2022-03-31,2022,3,西安,29.87,1494.0
2022-04-30,2022,4,西安,29.66,1483.0
2022-05-31,2022,5,西安,29.42,1471.0
2022-06-30,2022,6,西安,29.36,1468.0
2022-07-31,2022,7,西安,29.49,1474.0
2022-08-31,2022,8,西安,29.52,1476.0
2022-09-30,2022,9,西安,29.44,1472.0
2022-10-31,2022,10,西安,29.34,1467.0
2022-11-30,2022,11,西安,29.26,1463.0
2022-12-31,2022,12,西安,29.86,1493.0
2023-01-31,2023,1,西安,30.21,1510.0
2023-02-28,2023,2,西安,30.7,1535.0
2023-03-31,2023,3,西安,32.1,1605.0
2023-04-30,2023,4,西安,31.07,1554.0
2023-05-31,2023,5,西安,30.91,1546.0
2023-06-30,2023,6,西安,31.11,1556.0
2023-07-31,2023,7,西安,31.67,1584.0
2023-08-31,2023,8,西安,31.45,1572.0
2023-09-30,2023,9,西安,31.82,1591.0
2023-10-31,2023,10,西安,31.79,1590.0
2023-11-30,2023,11,西安,31.72,1586.0
2023-12-31,2023,12,西安,31.51,1576.0
2024-01-31,2024,1,西安,31.41,1570.0
2024-02-29,2024,2,西安,31.33,1566.0
2024-03-31,2024,3,西安,31.22,1561.0
2024-04-30,2024,4,西安,31.21,1560.0
2024-05-31,2024,5,西安,31.01,1550.0
2024-06-30,2024,6,西安,30.9,1545.0
2024-07-31,2024,7,西安,30.81,1540.0
2024-08-31,2024,8,西安,30.8,1540.0
2024-09-30,2024,9,西安,30.58,1529.0
2024-10-31,2024,10,西安,29.99,1500.0
2024-11-30,2024,11,西安,29.42,1471.0
2024-12-31,2024,12,西安,29.45,1472.0
2025-01-31,2025,1,西安,29.25,1462.0
2025-02-28,2025,2,西安,28.88,1444.0
2025-03-31,2025,3,西安,28.74,1437.0
2025-04-30,2025,4,西安,28.53,1426.0
2025-05-31,2025,5,西安,28.52,1426.0
2025-06-30,2025,6,西安,28.53,1426.0
2025-07-31,2025,7,西安,28.56,1428.0
2025-08-31,2025,8,西安,28.62,1431.0
2025-09-30,2025,9,西安,28.58,1429.0
2018-11-30,2018,11,郑州,27.76,1388.0
2018-12-31,2018,12,郑州,27.47,1374.0
2019-01-31,2019,1,郑州,27.68,1384.0
2019-02-28,2019,2,郑州,27.79,1390.0
2019-03-31,2019,3,郑州,27.84,1392.0
2019-04-30,2019,4,郑州,27.56,1378.0
2019-05-31,2019,5,郑州,27.76,1388.0
2019-06-30,2019,6,郑州,27.57,1378.0
2019-07-31,2019,7,郑州,27.29,1364.0
2019-08-31,2019,8,郑州,27.03,1352.0
2019-09-30,2019,9,郑州,26.53,1326.0
2019-10-31,2019,10,郑州,26.45,1322.0
2019-11-30,2019,11,郑州,26.19,1310.0
2019-12-31,2019,12,郑州,26.13,1306.0
2020-01-31,2020,1,郑州,26.12,1306.0
2020-02-29,2020,2,郑州,26.11,1306.0
2020-03-31,2020,3,郑州,26.37,1318.0
2020-04-30,2020,4,郑州,26.67,1334.0
2020-05-31,2020,5,郑州,26.31,1316.0
2020-06-30,2020,6,郑州,25.91,1296.0
2020-07-31,2020,7,郑州,25.67,1284.0
2020-08-31,2020,8,郑州,25.46,1273.0
2020-09-30,2020,9,郑州,25.11,1256.0
2020-10-31,2020,10,郑州,25.27,1264.0
2020-11-30,2020,11,郑州,25.11,1256.0
2020-12-31,2020,12,郑州,24.9,1245.0
2021-01-31,2021,1,郑州,24.51,1226.0
2021-02-28,2021,2,郑州,24.37,1218.0
2021-03-31,2021,3,郑州,24.45,1222.0
2021-04-30,2021,4,郑州,24.38,1219.0
2021-05-31,2021,5,郑州,24.46,1223.0
2021-06-30,2021,6,郑州,25.01,1250.0
2021-07-31,2021,7,郑州,25.0,1250.0
2021-08-31,2021,8,郑州,24.94,1247.0
2021-09-30,2021,9,郑州,25.59,1280.0
2021-10-31,2021,10,郑州,25.6,1280.0
2021-11-30,2021,11,郑州,25.53,1276.0
2021-12-31,2021,12,郑州,25.45,1272.0
2022-01-31,2022,1,郑州,25.56,1278.0
2022-02-28,2022,2,郑州,25.6,1280.0
2022-03-31,2022,3,郑州,25.46,1273.0
2022-04-30,2022,4,郑州,25.31,1266.0
2022-05-31,2022,5,郑州,24.92,1246.0
2022-06-30,2022,6,郑州,24.99,1250.0
2022-07-31,2022,7,郑州,25.07,1254.0
2022-08-31,2022,8,郑州,24.79,1240.0
2022-09-30,2022,9,郑州,24.79,1240.0
2022-10-31,2022,10,郑州,24.75,1238.0
2022-11-30,2022,11,郑州,25.05,1252.0
2022-12-31,2022,12,郑州,25.28,1264.0
2023-01-31,2023,1,郑州,25.43,1272.0
2023-02-28,2023,2,郑州,25.53,1276.0
2023-03-31,2023,3,郑州,25.32,1266.0
2023-04-30,2023,4,郑州,25.06,1253.0
2023-05-31,2023,5,郑州,25.01,1250.0
2023-06-30,2023,6,郑州,25.09,1254.0
2023-07-31,2023,7,郑州,25.31,1266.0
2023-08-31,2023,8,郑州,25.12,1256.0
2023-09-30,2023,9,郑州,24.91,1246.0
2023-10-31,2023,10,郑州,24.9,1245.0
2023-11-30,2023,11,郑州,24.71,1236.0
2023-12-31,2023,12,郑州,24.73,1236.0
2024-01-31,2024,1,郑州,24.73,1236.0
2024-02-29,2024,2,郑州,24.79,1240.0
2024-03-31,2024,3,郑州,24.96,1248.0
2024-04-30,2024,4,郑州,24.67,1234.0
2024-05-31,2024,5,郑州,24.57,1228.0
2024-06-30,2024,6,郑州,24.5,1225.0
2024-07-31,2024,7,郑州,24.7,1235.0
2024-08-31,2024,8,郑州,25.0,1250.0
2024-09-30,2024,9,郑州,25.45,1272.0
2024-10-31,2024,10,郑州,25.76,1288.0
2024-11-30,2024,11,郑州,26.01,1300.0
2024-12-31,2024,12,郑州,26.01,1300.0
2025-01-31,2025,1,郑州,26.0,1300.0
2025-02-28,2025,2,郑州,25.97,1298.0
2025-03-31,2025,3,郑州,25.95,1298.0
2025-04-30,2025,4,郑州,25.75,1288.0
2025-05-31,2025,5,郑州,25.66,1283.0
2025-06-30,2025,6,郑州,25.51,1276.0
2025-07-31,2025,7,郑州,25.76,1288.0
2025-08-31,2025,8,郑州,25.39,1270.0
2025-09-30,2025,9,郑州,25.42,1271.0
2018-11-30,2018,11,重庆,29.7,1485.0
2018-12-31,2018,12,重庆,29.45,1472.0
2019-01-31,2019,1,重庆,29.67,1484.0
2019-02-28,2019,2,重庆,29.76,1488.0
2019-03-31,2019,3,重庆,29.59,1480.0
2019-04-30,2019,4,重庆,30.0,1500.0
2019-05-31,2019,5,重庆,30.31,1516.0
2019-06-30,2019,6,重庆,30.41,1520.0
2019-07-31,2019,7,重庆,30.49,1524.0
2019-08-31,2019,8,重庆,30.44,1522.0
2019-09-30,2019,9,重庆,30.28,1514.0
2019-10-31,2019,10,重庆,30.23,1512.0
2019-11-30,2019,11,重庆,29.95,1498.0
2019-12-31,2019,12,重庆,29.66,1483.0
2020-01-31,2020,1,重庆,29.62,1481.0
2020-02-29,2020,2,重庆,29.8,1490.0
2020-03-31,2020,3,重庆,29.9,1495.0
2020-04-30,2020,4,重庆,29.82,1491.0
2020-05-31,2020,5,重庆,29.25,1462.0
2020-06-30,2020,6,重庆,28.68,1434.0
2020-07-31,2020,7,重庆,28.34,1417.0
2020-08-31,2020,8,重庆,28.29,1414.0
2020-09-30,2020,9,重庆,28.42,1421.0
2020-10-31,2020,10,重庆,28.08,1404.0
2020-11-30,2020,11,重庆,27.9,1395.0
2020-12-31,2020,12,重庆,27.77,1388.0
2021-01-31,2021,1,重庆,27.73,1386.0
2021-02-28,2021,2,重庆,27.76,1388.0
2021-03-31,2021,3,重庆,27.61,1380.0
2021-04-30,2021,4,重庆,27.56,1378.0
2021-05-31,2021,5,重庆,27.7,1385.0
2021-06-30,2021,6,重庆,28.39,1420.0
2021-07-31,2021,7,重庆,28.38,1419.0
2021-08-31,2021,8,重庆,28.21,1410.0
2021-09-30,2021,9,重庆,28.13,1406.0
2021-10-31,2021,10,重庆,28.12,1406.0
2021-11-30,2021,11,重庆,28.11,1406.0
2021-12-31,2021,12,重庆,28.49,1424.0
2022-01-31,2022,1,重庆,28.76,1438.0
2022-02-28,2022,2,重庆,28.83,1442.0
2022-03-31,2022,3,重庆,28.67,1434.0
2022-04-30,2022,4,重庆,28.4,1420.0
2022-05-31,2022,5,重庆,28.03,1402.0
2022-06-30,2022,6,重庆,27.96,1398.0
2022-07-31,2022,7,重庆,28.1,1405.0
2022-08-31,2022,8,重庆,28.1,1405.0
2022-09-30,2022,9,重庆,28.09,1404.0
2022-10-31,2022,10,重庆,27.72,1386.0
2022-11-30,2022,11,重庆,27.46,1373.0
2022-12-31,2022,12,重庆,27.42,1371.0
2023-01-31,2023,1,重庆,27.42,1371.0
2023-02-28,2023,2,重庆,27.37,1368.0
2023-03-31,2023,3,重庆,27.14,1357.0
2023-04-30,2023,4,重庆,27.03,1352.0
2023-05-31,2023,5,重庆,27.03,1352.0
2023-06-30,2023,6,重庆,27.05,1352.0
2023-07-31,2023,7,重庆,27.08,1354.0
2023-08-31,2023,8,重庆,26.94,1347.0
2023-09-30,2023,9,重庆,26.87,1344.0
2023-10-31,2023,10,重庆,26.87,1344.0
2023-11-30,2023,11,重庆,26.81,1340.0
2023-12-31,2023,12,重庆,26.73,1336.0
2024-01-31,2024,1,重庆,26.73,1336.0
2024-02-29,2024,2,重庆,26.77,1338.0
2024-03-31,2024,3,重庆,26.68,1334.0
2024-04-30,2024,4,重庆,26.56,1328.0
2024-05-31,2024,5,重庆,26.62,1331.0
2024-06-30,2024,6,重庆,26.65,1332.0
2024-07-31,2024,7,重庆,26.75,1338.0
2024-08-31,2024,8,重庆,26.9,1345.0
2024-09-30,2024,9,重庆,27.4,1370.0
2024-10-31,2024,10,重庆,27.7,1385.0
2024-11-30,2024,11,重庆,27.95,1398.0
2024-12-31,2024,12,重庆,27.99,1400.0
2025-01-31,2025,1,重庆,27.96,1398.0
2025-02-28,2025,2,重庆,27.91,1396.0
2025-03-31,2025,3,重庆,27.78,1389.0
2025-04-30,2025,4,重庆,27.77,1388.0
2025-05-31,2025,5,重庆,27.89,1394.0
2025-06-30,2025,6,重庆,27.95,1398.0
2025-07-31,2025,7,重庆,30.41,1520.0
2025-08-31,2025,8,重庆,28.0,1400.0
2025-09-30,2025,9,重庆,28.22,1411.0
2018-11-30,2018,11,长沙,31.18,1559.0
2018-12-31,2018,12,长沙,31.86,1593.0
2019-01-31,2019,1,长沙,30.87,1544.0
2019-02-28,2019,2,长沙,31.03,1552.0
2019-03-31,2019,3,长沙,30.7,1535.0
2019-04-30,2019,4,长沙,30.26,1513.0
2019-05-31,2019,5,长沙,29.98,1499.0
2019-06-30,2019,6,长沙,29.98,1499.0
2019-07-31,2019,7,长沙,30.82,1541.0
2019-08-31,2019,8,长沙,30.94,1547.0
2019-09-30,2019,9,长沙,31.02,1551.0
2019-10-31,2019,10,长沙,30.85,1542.0
2019-11-30,2019,11,长沙,30.78,1539.0
2019-12-31,2019,12,长沙,32.75,1638.0
2020-01-31,2020,1,长沙,34.49,1724.0
2020-02-29,2020,2,长沙,34.75,1738.0
2020-03-31,2020,3,长沙,35.09,1755.0
2020-04-30,2020,4,长沙,35.42,1771.0
2020-05-31,2020,5,长沙,35.42,1771.0
2020-06-30,2020,6,长沙,34.94,1747.0
2020-07-31,2020,7,长沙,34.92,1746.0
2020-08-31,2020,8,长沙,34.92,1746.0
2020-09-30,2020,9,长沙,35.2,1760.0
2020-10-31,2020,10,长沙,36.39,1820.0
2020-11-30,2020,11,长沙,34.45,1723.0
2020-12-31,2020,12,长沙,29.9,1495.0
2021-01-31,2021,1,长沙,29.53,1476.0
2021-02-28,2021,2,长沙,31.76,1588.0
2021-03-31,2021,3,长沙,28.96,1448.0
2021-04-30,2021,4,长沙,27.84,1392.0
2021-05-31,2021,5,长沙,28.14,1407.0
2021-06-30,2021,6,长沙,29.63,1482.0
2021-07-31,2021,7,长沙,29.75,1488.0
2021-08-31,2021,8,长沙,29.56,1478.0
2021-09-30,2021,9,长沙,29.67,1484.0
2021-10-31,2021,10,长沙,29.68,1484.0
2021-11-30,2021,11,长沙,29.7,1485.0
2021-12-31,2021,12,长沙,30.06,1503.0
2022-01-31,2022,1,长沙,30.39,1520.0
2022-02-28,2022,2,长沙,30.46,1523.0
2022-03-31,2022,3,长沙,30.54,1527.0
2022-04-30,2022,4,长沙,30.69,1534.0
2022-05-31,2022,5,长沙,30.7,1535.0
2022-06-30,2022,6,长沙,30.64,1532.0
2022-07-31,2022,7,长沙,31.02,1551.0
2022-08-31,2022,8,长沙,31.31,1566.0
2022-09-30,2022,9,长沙,31.47,1574.0
2022-10-31,2022,10,长沙,31.57,1578.0
2022-11-30,2022,11,长沙,31.66,1583.0
2022-12-31,2022,12,长沙,31.62,1581.0
2023-01-31,2023,1,长沙,31.14,1557.0
2023-02-28,2023,2,长沙,30.98,1549.0
2023-03-31,2023,3,长沙,30.86,1543.0
2023-04-30,2023,4,长沙,30.76,1538.0
2023-05-31,2023,5,长沙,30.62,1531.0
2023-06-30,2023,6,长沙,30.73,1536.0
2023-07-31,2023,7,长沙,30.99,1550.0
2023-08-31,2023,8,长沙,31.07,1554.0
2023-09-30,2023,9,长沙,30.97,1548.0
2023-10-31,2023,10,长沙,31.12,1556.0
2023-11-30,2023,11,长沙,31.05,1552.0
2023-12-31,2023,12,长沙,30.99,1550.0
2024-01-31,2024,1,长沙,30.92,1546.0
2024-02-29,2024,2,长沙,30.91,1546.0
2024-03-31,2024,3,长沙,31.03,1552.0
2024-04-30,2024,4,长沙,30.98,1549.0
2024-05-31,2024,5,长沙,30.73,1536.0
2024-06-30,2024,6,长沙,30.65,1532.0
2024-07-31,2024,7,长沙,30.62,1531.0
2024-08-31,2024,8,长沙,30.68,1534.0
2024-09-30,2024,9,长沙,30.72,1536.0
2024-10-31,2024,10,长沙,30.67,1534.0
2024-11-30,2024,11,长沙,30.66,1533.0
2024-12-31,2024,12,长沙,30.65,1532.0
2025-01-31,2025,1,长沙,30.63,1532.0
2025-02-28,2025,2,长沙,30.63,1532.0
2025-03-31,2025,3,长沙,30.61,1530.0
2025-04-30,2025,4,长沙,30.6,1530.0
2025-05-31,2025,5,长沙,30.59,1530.0
2025-06-30,2025,6,长沙,30.56,1528.0
2025-07-31,2025,7,长沙,30.55,1528.0
2025-08-31,2025,8,长沙,30.55,1528.0
2025-09-30,2025,9,长沙,30.55,1528.0
2018-11-30,2018,11,青岛,31.39,1570.0
2018-12-31,2018,12,青岛,31.09,1554.0
2019-01-31,2019,1,青岛,31.16,1558.0
2019-02-28,2019,2,青岛,31.28,1564.0
2019-03-31,2019,3,青岛,30.75,1538.0
2019-04-30,2019,4,青岛,30.35,1518.0
2019-05-31,2019,5,青岛,30.03,1502.0
2019-06-30,2019,6,青岛,30.21,1510.0
2019-07-31,2019,7,青岛,30.65,1532.0
2019-08-31,2019,8,青岛,30.74,1537.0
2019-09-30,2019,9,青岛,30.95,1548.0
2019-10-31,2019,10,青岛,31.24,1562.0
2019-11-30,2019,11,青岛,30.88,1544.0
2019-12-31,2019,12,青岛,30.32,1516.0
2020-01-31,2020,1,青岛,29.9,1495.0
2020-02-29,2020,2,青岛,30.06,1503.0
2020-03-31,2020,3,青岛,30.29,1514.0
2020-04-30,2020,4,青岛,30.71,1536.0
2020-05-31,2020,5,青岛,29.98,1499.0
2020-06-30,2020,6,青岛,29.52,1476.0
2020-07-31,2020,7,青岛,29.27,1464.0
2020-08-31,2020,8,青岛,28.81,1440.0
2020-09-30,2020,9,青岛,28.74,1437.0
2020-10-31,2020,10,青岛,28.24,1412.0
2020-11-30,2020,11,青岛,28.07,1404.0
2020-12-31,2020,12,青岛,28.13,1406.0
2021-01-31,2021,1,青岛,27.92,1396.0
2021-02-28,2021,2,青岛,27.8,1390.0
2021-03-31,2021,3,青岛,27.27,1364.0
2021-04-30,2021,4,青岛,27.03,1352.0
2021-05-31,2021,5,青岛,27.05,1352.0
2021-06-30,2021,6,青岛,27.73,1386.0
2021-07-31,2021,7,青岛,28.07,1404.0
2021-08-31,2021,8,青岛,27.74,1387.0
2021-09-30,2021,9,青岛,27.62,1381.0
2021-10-31,2021,10,青岛,27.49,1374.0
2021-11-30,2021,11,青岛,27.35,1368.0
2021-12-31,2021,12,青岛,27.24,1362.0
2022-01-31,2022,1,青岛,26.87,1344.0
2022-02-28,2022,2,青岛,26.91,1346.0
2022-03-31,2022,3,青岛,26.85,1342.0
2022-04-30,2022,4,青岛,26.77,1338.0
2022-05-31,2022,5,青岛,26.5,1325.0
2022-06-30,2022,6,青岛,26.49,1324.0
2022-07-31,2022,7,青岛,26.62,1331.0
2022-08-31,2022,8,青岛,26.85,1342.0
2022-09-30,2022,9,青岛,27.13,1356.0
2022-10-31,2022,10,青岛,27.25,1362.0
2022-11-30,2022,11,青岛,27.16,1358.0
2022-12-31,2022,12,青岛,27.22,1361.0
2023-01-31,2023,1,青岛,27.22,1361.0
2023-02-28,2023,2,青岛,27.17,1358.0
2023-03-31,2023,3,青岛,27.21,1360.0
2023-04-30,2023,4,青岛,27.32,1366.0
2023-05-31,2023,5,青岛,27.8,1390.0
2023-06-30,2023,6,青岛,27.93,1396.0
2023-07-31,2023,7,青岛,27.92,1396.0
2023-08-31,2023,8,青岛,28.54,1427.0
2023-09-30,2023,9,青岛,28.32,1416.0
2023-10-31,2023,10,青岛,28.13,1406.0
2023-11-30,2023,11,青岛,27.92,1396.0
2023-12-31,2023,12,青岛,27.82,1391.0
2024-01-31,2024,1,青岛,27.66,1383.0
2024-02-29,2024,2,青岛,27.65,1382.0
2024-03-31,2024,3,青岛,27.72,1386.0
2024-04-30,2024,4,青岛,27.7,1385.0
2024-05-31,2024,5,青岛,27.3,1365.0
2024-06-30,2024,6,青岛,27.15,1358.0
2024-07-31,2024,7,青岛,27.18,1359.0
2024-08-31,2024,8,青岛,27.19,1360.0
2024-09-30,2024,9,青岛,27.16,1358.0
2024-10-31,2024,10,青岛,26.79,1340.0
2024-11-30,2024,11,青岛,26.4,1320.0
2024-12-31,2024,12,青岛,26.27,1314.0
2025-01-31,2025,1,青岛,26.04,1302.0
2025-02-28,2025,2,青岛,25.83,1292.0
2025-03-31,2025,3,青岛,25.69,1284.0
2025-04-30,2025,4,青岛,25.77,1288.0
2025-05-31,2025,5,青岛,25.48,1274.0
2025-06-30,2025,6,青岛,25.4,1270.0
2025-07-31,2025,7,青岛,25.38,1269.0
2025-08-31,2025,8,青岛,25.36,1268.0
2025-09-30,2025,9,青岛,25.38,1269.0
